review_id,user_name,content,star_rating,thumbs_up,review_date,app_version
7733a354-1b71-4ede-ab33-87c81ddcbdae,Kothapalli Varun,good,5,0,2026-09-12 11:01:26,4.647.10002
faa973a4-9d43-4db5-a6b4-9f23ecda59ce,lk101s kk,i had ordered a product from a store and they replaced it without my approval and when i reached uber support they said accept the product from the delivery guy and theyll give me a refund and ever since then ive been contacting support for the refund but they jus close the inbox support and ask for a order number and when i do what they instructed me to do the order number it says it isnt available in your area or something like that its been 4 says and still no refund absolutely crazy,1,0,2026-09-12 11:00:42,4.647.10002
8ae0c74e-257e-4fb1-b66c-71f1857e65cf,Dhiman Nag,Timely and prompt service...,5,0,2026-09-12 11:00:04,4.647.10002
98415f9b-8e1d-4e2f-8a81-acff02e66620,Charitha Konda,taking too long to confirm rides,3,0,2026-09-12 10:55:54,4.646.10004
cda26756-ffc0-43ee-a601-01a9a8a23fd1,Madhu Rajeswari,worst app uber and rapido also too much prices uber asala the didn't dropped at right time also some people were behave very strangely some are dangerous people also shouted in the public for to when I ask about y late and also demanding for extra money too worst app,1,0,2026-09-12 10:50:12,4.646.10004
2cde79eb-2bf4-43fd-a5a7-40aafed80bc9,Aditri Ag,ehhe,5,0,2026-09-12 10:43:48,Unknown
155794bb-b950-4201-a1ee-143194746d8a,Aditya Kumar,"One of the best transport apps I have ever used , everything is too. Time to pick and arrival also shows very locally and costs fair charges . I appreciate the developers , as new train tickets booking , bus tickets booking and food service has also taken place . Keep It Up Uber 👍",5,0,2026-09-12 10:42:28,Unknown
170b26e8-18ee-4e59-ad05-800a45e217df,Gautam Chaurasiya,nice ride,5,0,2026-09-12 10:41:30,Unknown
48f6b85d-a0ab-4528-a046-4d831745aec2,Rashmi Rashmi,very bad 😡,1,0,2026-09-12 10:36:40,Unknown
21c694be-c663-4d41-a2ae-c5386134fd52,Ajay Meena,good,5,0,2026-09-12 10:36:14,4.646.10004
4d0a0179-388b-4224-bc1e-69af15b95416,debleena das,"Horrible service.Half of the time drivers don't pick up calls,cancel without informing, extremely unreliable service,not recommended during emergency.Missed doctors appt.You should be penalized for this",1,0,2026-09-12 10:33:41,4.647.10002
745125b7-d1f5-46b3-b578-f2c2ee4f48e0,Litu Mallick,good,5,0,2026-09-12 10:33:09,4.647.10002
b720c8c2-c30a-4c6b-b0c9-71432122081b,Sahareen Idrishi,I love this aap,5,0,2026-09-12 10:28:13,4.647.10002
80857238-ba11-4220-98ac-d55cb7a26edc,Beru vvv,good,5,0,2026-09-12 10:27:40,Unknown
4c5c9d67-cbe3-4d8e-9621-0bee096d32de,Michael Rampani,I really like being able to go back and forth from this app to Lyft for pricing,5,0,2026-09-12 10:21:09,4.646.10004
75a74a5d-8881-4cbc-8a3e-bb717b920d82,Ramsey Kim,good,5,0,2026-09-12 10:19:31,4.647.10002
01cc5803-2387-4e65-abc5-c6d73e984bac,Alexander Lawson,The Best!,5,0,2026-09-12 10:19:25,4.647.10002
cda0d4c6-42ea-4609-810d-41ca7602d087,KAJAL JANGRA,good,5,0,2026-09-12 10:15:05,4.645.10002
63c83518-ba5d-49cc-828a-d1efd5c77898,Salman Raza,good,5,0,2026-09-12 10:13:53,4.647.10002
43be4ec6-61f4-4891-a587-5d9665c89cbd,Sindisiwe Buthelezi,I lost a phone last on Uber but support is not even trying to help. I lost a shoe four weeks ago and I never got a response. How do we get in touch with these people,1,0,2026-09-12 10:12:04,4.646.10004
38ec27dd-748e-42e6-9fe6-b3fc327dadd3,Devesh Gour,👍,5,1,2026-09-12 10:10:06,4.646.10004
b43e222f-6460-4325-960f-552ed82fcca0,BROOKLYN Elizabeth,drivers cancel their rides very often,1,0,2026-09-12 10:07:43,4.647.10002
a853824d-7c96-4f9f-be33-c76b25217990,B T,"awesome, lovely driver, clean car, great conversation, recommended A+",5,0,2026-09-12 09:58:44,4.647.10002
50011699-c76b-4093-a732-c89400e4d121,Merugu Malleswari,very best,5,0,2026-09-12 09:57:41,Unknown
2b33a651-eb77-4934-aabf-71074588fd2c,Kirti Dubey,Nice ride and timely drop the destination,4,0,2026-09-12 09:46:00,4.647.10002
3e9653d9-4ba3-4be7-95c6-02b5baeda29c,John coryell,good dependable service they are my go to service when I'm needing a ride in a pinch thank you Uber keep up the good work,5,0,2026-09-12 09:39:39,4.645.10002
38ffb930-1806-4c13-ac54-d0a2b0059e7f,Patrick O'Grady,"It was my first time, and I was phenomenal! The driver arrived on time, the car was clean, and we arrived at my destination right on time!",5,0,2026-09-12 09:38:57,4.647.10002
d70e961c-1cc4-401c-9ed0-21f75f03d651,Michael Pratt,"I had a serious allergen contamination from food ordered through the app but when I went to report the safety issue, the system wouldn't upload any of the photos I took. I couldn't report the food safety issue that could make people seriously ill. And then their new GenAI interface is completely unhelpful and ruined the entire experience. I'm not going to be using this app anymore if this is how they design the customer experience.",1,0,2026-09-12 09:38:23,4.647.10002
1bddb265-96f9-4644-a989-b2d117a212aa,Angad Nagime,its time to book is so longer,3,0,2026-09-12 09:36:32,4.645.10002
d0b83827-2a24-4f55-88fa-bd32dddfcb9c,Kiruthika Dinesh,good,5,0,2026-09-12 09:30:21,4.647.10002
812c1664-865d-4881-8212-8021b8b91304,Shae Zalomski,very nice and friendly driver.,5,0,2026-09-12 09:24:37,4.628.10002
a10b9774-21a1-44a2-8b07-185074d9d2a0,Jose Valencia,"Fine for rides - DO NOT USE THIS APP FOR ANYTHING ELSE. Their customer service is terrible and not helpful, they all run on scripts and do not deviate from it. Their rental car app shows me one car, and after I pay for it, gives me a smaller class of car. After being on chat for over an hour with Uber, 0 help, told Thrifty had to help me. Thrifty said ""this happens all the time with Uber"" and nothing they could do other than offer me a discount on the upgrade. Goodbye Uber 👋🏽",1,0,2026-09-12 09:24:19,4.647.10002
d7f0b016-3a80-427d-87e1-e2e46520ff46,Devisri Guntreddi,booking one auto is tooks 30 to 40 mins and not booked in the last. very bad services and time waste for users. not at all happy with the app and cost more for waiting not for Booking the vehicle.,1,0,2026-09-12 09:19:26,4.646.10004
65380d62-cff4-4bce-b7ec-8973dab6ca0f,Vuyiswa Phangalele,best n safety,5,0,2026-09-12 09:18:27,4.646.10004
a32fe749-e39b-49ad-b50e-d61f902870ca,Shravan Shilimkar,best ride,5,0,2026-09-12 09:16:23,4.647.10002
3f3f98e3-df51-47fc-9252-ec73d76bdf08,Chandan Maity,👍,4,0,2026-09-12 09:04:44,4.646.10004
95492033-12e3-4f39-842f-de075329bf12,Kim Wilgus,Great asset.,5,0,2026-09-12 09:04:42,4.644.10000
50cca6ed-1d46-4371-9aa2-9d27db29ecf9,Lion Club,after an ordering the. first order will be offered and when they come to pickup they will ask extra amount there is no coupon is shown to them,1,0,2026-09-12 09:02:01,4.647.10002
d3fd1505-1e4e-4a8a-a5d9-a89cd2b395f0,E Bro,Do not trust Uber in Qatar Save your self money and time and use Karwa taxiservice,1,0,2026-09-12 09:01:17,4.647.10002
2223b569-580b-4511-bb97-e933bbff9804,Mohan Redkar,very good,5,0,2026-09-12 09:01:10,4.647.10002
310cc977-e9db-45ff-af48-f0c8dafb98e6,Neeraj Kumari,ghatiya service hai iska,1,0,2026-09-12 08:59:11,4.647.10002
e794202a-c970-4c31-a816-1641d4860a95,Amado Jr Belmoro,Amazing,5,0,2026-09-12 08:59:00,4.647.10002
728170ff-3daa-40e1-beb6-fd3d6750829d,Divya Bhagora,booking payment and trip end payments diffrent end trip payment too high and also no any help by uber support,1,0,2026-09-12 08:57:02,4.646.10004
44d335a7-5c75-4e37-b9b2-0ea58f529352,Mohammad Zahid,Nice,5,0,2026-09-12 08:56:52,4.646.10004
f9939216-dcae-4753-b9a7-b65119dd7fc2,Srinivasan Krishnaswami,deserves encouragemrnt,5,0,2026-09-12 08:56:51,4.646.10004
a0d2a91f-8f99-4958-8a35-c24b646f5b9b,Lou Ellerton,"respectful, helpful",5,0,2026-09-12 08:45:44,4.646.10004
54c4b06a-55d8-4794-ae6e-3d69a9643260,Ankita Maharana,"very bad , the uber drivers are rude as well as they are asking unnecessary high extra amount.",1,0,2026-09-12 08:45:12,4.646.10004
fd8b24fe-de7d-4dac-b431-919b53f39343,Mohammad ARIF,It was showing 476 rupees but at destination it took 994.6 rupees Never book your ride with uber if you don't to give unnecessary money,1,0,2026-09-12 08:42:03,4.647.10002
3daf43e8-844d-4095-bea8-fdbfcf72f52e,Gufran Khan,good app,5,0,2026-09-12 08:38:45,4.647.10002
bd22d719-2676-4b41-a1a8-58465bd17c2b,suman malwankar,Good faster service,5,0,2026-09-12 08:33:29,4.646.10004
32d3c3fe-b2b8-43fb-a8e1-fd31674973ee,Balesh Majhi,👌,5,0,2026-09-12 08:31:19,4.647.10002
474d5a68-a47a-4c2c-9922-4eaee59db552,Amlan Mishra,good 👍,5,0,2026-09-12 08:28:35,4.646.10004
f9d049c9-2f23-4dc0-9386-54e8ee584471,Gyvenson Michel,good driver,5,0,2026-09-12 08:18:22,4.647.10002
330591d5-020a-4b99-9654-d66ce691bf1e,shivakumar puttaswamy,Good service and readonable price thank you uber.,5,0,2026-09-12 08:14:40,4.639.10000
3026c7a1-863e-4988-9d2b-cd3dce0dcf2c,Manu Gupta,best,5,0,2026-09-12 08:12:35,4.647.10002
58c11f83-cac9-45e1-9363-b6fcb9aa4561,Anmol Singh,ok,3,0,2026-09-12 08:05:38,Unknown
2177924d-2661-4e04-b3a2-d3a04d1d925f,Swapan Gomes,exalent service,5,0,2026-09-12 08:03:30,4.647.10002
865f5c71-9112-4039-8064-298866d0b0b8,Ritupon Borah,good,5,0,2026-09-12 08:02:20,4.647.10002
6db6387d-085e-4a7d-875e-59eb69274e9a,Tapendra Saini,pathetic service. they have lost my parcel sent by uber courier service and no reply is coming from them,1,0,2026-09-12 08:02:10,4.646.10004
33013092-1e3e-41f5-8cdb-785032caceb0,Md. Mahmudur Rahman,POOR SERVICE,1,0,2026-09-12 07:59:54,4.647.10002
900163e1-ecd0-44a2-95fa-010f863cb5af,J Michael Doyle,great,4,0,2026-09-12 07:59:46,Unknown
f67e3174-5fa7-4cfa-849e-ce0aba309dc5,Sukesh Purkayastha,Good,5,0,2026-09-12 07:51:08,4.632.10002
ee00edd1-20a9-4e03-8b0c-e45d321e6b07,ali ms,Best App,5,0,2026-09-12 07:42:58,4.647.10002
bb79a337-312f-466f-a77a-d7adb9e1f784,Khakchang Debbarma,good app,5,0,2026-09-12 07:38:34,4.647.10002
08056470-4beb-49c2-a2d5-b1a422523951,Bhanu tej,😊 me,4,0,2026-09-12 07:33:35,4.646.10004
90c7babc-4571-4dcf-a2b4-8e175bf06c9c,Pavan Kalyan,super,5,0,2026-09-12 07:31:40,4.647.10002
f7b3f18f-6106-44d1-9b58-f69311287b3c,Ali Gencalp,Great service,5,0,2026-09-12 07:21:21,4.647.10002
e7857441-0609-409b-802d-be780421a730,Sharon Calica,easy to use and the driver is helpful,5,0,2026-09-12 07:20:39,4.647.10002
da0aa224-c85e-4342-b166-a6acacc2e0e1,Anthony Salinas,uber over lift!,5,0,2026-09-12 07:16:01,4.647.10002
c156de7b-47b5-45cf-857d-6001a3cf4c94,Kevin Brown,interrupting me asking for a damn rating.,1,0,2026-09-12 07:12:12,4.647.10002
3dce4184-3f56-417d-aca2-321b35b57856,Edward Haywood,basically I felt safe the driver drove great the end,5,0,2026-09-12 07:09:27,4.642.10002
2e985b32-99c8-41dd-93e8-10d730d9b488,Ashley,love this app!!,5,0,2026-09-12 07:08:25,Unknown
47428107-2458-4104-929b-7c17a567b786,wissal ibnoutalib,"its my second time to use the app and it says that my accounts is disabled, ive received no explanation, i tried to contact the support but i cant seem to upload a screenshot. while filling thay field is necessary",1,0,2026-09-12 07:05:16,4.646.10004
724cf28c-eb97-4c90-8dec-cd333e5dc526,Anas Khan,best ride for uber,5,0,2026-09-12 07:03:29,4.647.10002
c5d5a8b5-6ad4-46b5-91e7-577d116d7d40,Thanu,it will not come fast responsive and also take to much time a ride booking I was thinking is good first it was taking fast booking but now it will not fast booking so angry one time it will take so much coast 😞,3,0,2026-09-12 07:01:51,Unknown
561e81ec-6d9a-46bd-9999-ebc3dffb2c1b,John McCutchon,Excellent service. Friendly and informative.,5,0,2026-09-12 06:55:24,4.646.10004
6b1c1ee4-adea-4386-9d42-88a61fc89ef7,Josh Elliott,great,5,0,2026-09-12 06:49:20,4.646.10004
8465cbf2-2f13-4481-aaf6-708fb7afcbde,Colin Withey,good stuff good service 👍 great service for the money always get you what ever the time I,5,0,2026-09-12 06:40:53,4.646.10004
1a0f36e3-7e7b-4aa8-8fb0-ffcd5a76fb42,Dakota Lamb,"Used the Uber Eats function after receiving $25 credit - waited 2 hours for it to be cancelled. DD has never done me dirty in the same way. The ride function was alright, the drivers weren't amazing but I did arrive at my destinations.",2,0,2026-09-12 06:40:40,4.646.10004
ada50e3b-9445-4ff3-bbae-c786c6944cfd,Ashfaq Elahi,good,5,0,2026-09-12 06:37:41,4.647.10002
9b6d19ef-d8e9-47aa-93ae-36d903184452,Md Nasir,exlent,5,0,2026-09-12 06:24:00,4.647.10002
54b2251b-d187-42c2-b4eb-101c5e12fdac,Deepak Kushwaha,Uber is much better than Rapido.,5,0,2026-09-12 06:10:18,Unknown
b555e03f-35f1-4830-b04c-0500e85045cd,Rinku Singhaniya,Good experience 😃,4,0,2026-09-12 06:09:08,4.647.10002
0e4a2904-4388-4e84-adaf-ecdd6f6f5d6e,John Wren,"got burned for $90 from driver, for 5 mile ride,took advantage of us visiting Boston,,uninstalled app,u can't trust uber",1,0,2026-09-12 06:04:50,Unknown
933fa791-fb5e-4f04-98a2-bc69cf4c0d1c,A nozmoon Nozmoon,good,5,0,2026-09-12 05:58:18,4.647.10002
97adc602-c17d-4df6-8143-3eac5a58d4db,NISHI GAS AGENCY,good,5,0,2026-09-12 05:54:55,4.647.10002
9de6e725-040c-4d6a-a87e-520fffc8692e,luca roobeek,legend,5,0,2026-09-12 05:53:02,4.647.10002
3791b207-8ff1-4eca-b470-238e136aa199,Willie Ham,Ben was excellent!,5,0,2026-09-12 05:46:55,4.646.10004
1a6c6083-452b-4d38-bb38-55415aeb6a83,Lynn Parsons,really interesting conversation about conservation work! Thoroughly enjoyed the ride!,5,0,2026-09-12 05:45:27,4.646.10004
4efb6ebb-4ea3-471f-adf6-3356b7677c3a,Amber Noe1one81,"so, i keep getting codes from uber technologies inc to approve a $35 sometimes $45, payment, norhing within reason 4 myself, but the odd thing is, i dont even use uber, ive tried contacting this uber tech.inc, noe luck, so decided to check out uber app, and found uber tech inc so...this is the closest way ive been able to contact uber regarding my goncernd, hopefully they respond to my review....",1,0,2026-09-12 05:44:30,Unknown
b9e2f8d8-03ec-490f-aefd-25f9d51d3b91,Jessica Moore Newton,stupid app keeps having an order in my cart and won't delete it out now I can't order without it adding to an order I don't want it wants to deliver to an address I'm not at and I've deleted the app out and reinstalled and yes I've checked my phone and I've got the app all updated,1,0,2026-09-12 05:40:36,4.647.10002
e65c78b1-57c4-4b88-b2cf-e2bb8a808e30,Alberto Pellizzon,app doesn't send the sms code,1,0,2026-09-12 05:21:23,Unknown
dff45f78-65b6-429e-9898-8d4fd1aa7f1d,Adriana,"I have scheduled 2 rides for my son, both were cancelled without a reason and were charged! And, you can't speak to anyone at Uber. I am a single parent that needed to get my 15 year old home from school while I had to work. But they have no problem charging me twice for canceling my son's ride and my son was stuck under a storm at school. Absurd!!",1,0,2026-09-12 05:19:59,4.647.10002
f10e0c6b-2b3a-4c46-a68e-39c06e3014ad,shiva kum (lahari is husband),nice,3,0,2026-09-12 05:15:52,4.647.10002
b51ab259-1ff5-40cd-8c1d-ef844e133bdb,Jon Hayes,"horrific user experience, slow and confusing app to use. Am frequently confused about where things are, multiple pop-ups when trying to browse, and will fake users out with discounts to then add extra fees at checkout.",1,0,2026-09-12 05:15:30,4.646.10004
50c92267-9596-4db5-9b3e-9bcec5d4c8f6,Doha Qatar,wait time is too long every day poor service,1,0,2026-09-12 05:11:21,Unknown
c212cdf0-2baa-4df2-a396-4898745df5df,Denys Armando Capote Perez,"Terrible. Expensive. Pray not to have an issue with your booked trips because Help practically doesn't exist, customer service is all AI garbage, and if you get to contact a human agent you will not get a proper solution.",1,0,2026-09-12 05:08:27,4.647.10002
5691ace8-c554-4fd2-805c-21be77fe4b84,Shannon,great driver great conversation very professional,5,0,2026-09-12 05:00:19,4.647.10002
c632c9ea-3a03-4910-a5b5-ba2afe40e581,Maureen Mahon,We were so blessed to have Christian as our driver. He was courteous and helpful and he didn't leave until we were safely inside. I cannot recommend him enough. Thanks so much Christian. Maureen,5,0,2026-09-12 04:56:51,4.647.10002
57006a16-a662-4645-8917-c5c2e62f034d,Ashu Jangra,good experience,5,0,2026-09-12 04:54:52,4.647.10002
30f6292f-c48c-4d48-b14d-a03d4ed0a835,Laura Byrne,lovely and friendly and helpful,5,0,2026-09-12 04:53:55,4.646.10004
a77a58d4-3b31-4efc-a3ed-3efd20ca30a8,Bob Petrillo,good driver followed directions drove safely,5,0,2026-09-12 04:48:30,4.646.10004
7b632f6a-24d0-42ed-9fc9-60786c0454a4,Dennis McDougale,I'm locked out and I'm traveling out of the country.,1,0,2026-09-12 04:48:29,Unknown
ec576f77-1764-4897-8d9b-2b4db6a26988,Chloe Foster-Blythe,"Driver's are super friendly! Overall, great service! 😊",5,0,2026-09-12 04:41:52,4.647.10002
ffd3056c-69f9-461a-94e3-92a5696677f0,Brijesh Smita,👌,5,0,2026-09-12 04:34:54,4.646.10004
45ee3188-670d-4486-b645-b2735b99a39c,Dorothy Owusu-Ansah,routes are too long sometimes,5,0,2026-09-12 04:29:37,4.646.10004
07ed9ae1-a3d7-421a-93bd-9419029bd5b1,Mullai MS,good,5,0,2026-09-12 04:27:06,4.647.10002
a066aa32-69a7-4479-a82e-9b72c3ee964e,A M,Promotions or discounts on the Uber app such as for say a Grocery order can dissapear while it is in progress and increase your costs on the final bill but they refuse to reapply the discount or fix it unless you took a screenshot of the offer and the bill before hand.,1,0,2026-09-12 04:08:57,4.647.10002
d6900a85-bcbe-48bd-8689-f7317cc06869,Tim Reid,"Filled with dark patterns and does not serve the user at all. This application has more in common with gambling machines than it does with utility apps. Under have made a business out of ambiguity, deception, and outright lies. I don't think it's acceptible to use terminology that strongly suggests your taxi is in the way to meet you when absolutely nothing has been confirmed. I have spent almost an hour waiting for a ride that had ""3 minutes"" waiting time. Uber have fraud in their DNA.",1,0,2026-09-12 04:07:30,Unknown
cf31af32-e1c2-4b40-81dc-c922d1513e57,R T,excellent and very friendly driver.,5,0,2026-09-12 03:52:19,4.646.10004
232fbbfd-e35c-48d8-9f67-bb9f0c6701ae,Teboho Maharola,good rided,1,0,2026-09-12 03:50:09,4.647.10002
9a8f2cb4-42d1-4336-b3f5-595429d22afc,Ashutosh Agnihotri,good app,4,0,2026-09-12 03:49:03,4.647.10001
52616a22-f496-4de9-8427-98180d5385b0,Alison,"this company does NOT protect women. AND Uber actively victim blames and intimidates women who come forward about their employees committing heinous crimes against them. I will only support their competitors from now on. further, this company was founded on an amazing idea: to de-monopolize taxi services who were overcharging people because they could. they have now become the exact same thing and overcharge customers while SEVERELY underpaying their employees. DO NOT SUPPORT UBER.",1,1,2026-09-12 03:38:06,4.646.10004
0560ffbd-21fe-4f3b-8932-a59c231c43a0,Aabid Omer,"Siting with hunan gives you True Satisfaction, I highly against Taxis with robot automatic driver",5,0,2026-09-12 03:35:21,4.647.10002
7f3bbbb8-fecd-4fc9-a51f-7780d58d4de7,OneKyleArmy Gaming (OneKyleArmy),"this app has saved me so many times and though I have heard things online where people have had bad encounters with drivers, I can honestly say that has never been my experience. every single driver I have ever had contact with was respectful, responsible, and an overall pleasure to ride with",5,0,2026-09-12 03:33:16,4.647.10002
a719bf7e-f777-473f-a279-3964bd05f921,Roy Metoyer,great driver great conversation highly recommended,5,0,2026-09-12 03:32:37,4.646.10004
fbca6bc2-295c-4160-9221-50eec9ac23e4,Mani Kumar Mangar,excellent,5,0,2026-09-12 03:20:15,4.647.10002
e26532b8-af3f-4bb4-985b-1efcf7a17c81,Chris Rosenthal,super fast service. better experience than Waymo.,5,0,2026-09-12 03:14:24,4.646.10004
de8f6fcc-e8b5-4655-9865-ef4fc188add6,Andre Alexander,"the driver was great, his car was very clean, he had water an snacks available too.",5,0,2026-09-12 03:13:57,4.646.10004
755fceed-24ed-48f1-9441-32000c9f5eea,Have It,"love it , thank you Cheyenne uber",5,0,2026-09-12 03:11:00,4.647.10002
dba378dc-b7f4-448f-bae7-e52ccef18fcd,Tori Oliver,So in love with the app . never disappoints !.,5,0,2026-09-12 03:07:43,4.647.10002
da90244a-51c6-4ab6-a6a4-4264c8d4e96a,ANOOP MISHRA,i have great experience personally,5,0,2026-09-12 03:04:50,4.646.10004
1d9f76c1-e779-44f9-8fd7-471e9b0a6d79,Desiree Walker,I had a lady april say my order was delivered and it never was delivered. Uber did the right thing by refunding me my money right. so why its not the full amount. on top of that even though i reported I didnt receive my food they still took a tip out the refund they gave me and gone tell me they refunded me everything that was suppose to be refunded. mind you i ordered for my great grandmother 95 years uber your stealing from a 95 year old woman. this is fraud fix it,1,1,2026-09-12 02:59:26,Unknown
49dd28ba-f641-40cf-ba9b-a343ca196e3d,Johnny Roe,love it,5,0,2026-09-12 02:57:25,4.647.10002
a8fecc57-1c28-44af-b8bc-82f852070038,Cindy Willis,The Drivers are awesome .99.9% of them have gone out of their way for me .My problem is with the app..Says 10 mins .Then it takes 10 mins searching for a driver .Then I have to wait even more .Also almost every time it asked me to verify my I.D Talk about wasting my time . Especially when I need a ride THAT MOMENT!!!! Early hours etc .It really is irritating.,4,0,2026-09-12 02:44:50,4.647.10002
5b90f9d8-50e4-4bd7-a02e-3939ced1d387,Maryanne Broome,recently I have had some terrific drivers. let's just say no one has left me anywhere in the last few weeks. way to go,5,0,2026-09-12 02:43:15,Unknown
383ffc1e-871b-4822-a6f8-15586d84b38d,Maggie L,ridiculously long loading times and unable to edit cart in uber eats,1,0,2026-09-12 02:42:44,4.647.10002
61ffa2cd-d904-40dc-91e7-3971300717f3,James Rooke,the ubereats functionality is basically non existent. nothing works on it and the delivery fees have gotten out of control.,2,0,2026-09-12 02:42:20,4.647.10002
5c062695-2c01-4110-9367-ef9e4958f2e3,Raye Lynn Cruz,very good driver!!,5,1,2026-09-12 02:27:03,4.646.10004
4e70766d-9ef6-4518-b9b5-8705d5593470,[N3RD] Mr.ChairGaming,drivers need to know how to speak English i kept trying to tell thw driver the right way and he turned into a trucking yard not the first time its happend multiple times now where I get stranded my food gets lost or my uber cancels because they cant understand what im trying to tell them,3,0,2026-09-12 02:22:13,4.647.10002
305580fe-9062-4ef2-92c0-74d5a6f14b41,Dharamvir Mehmi,excellent,5,0,2026-09-12 01:54:45,4.647.10002
c9162498-840a-414e-889e-3b9ccb5d1c43,Do you LOL OR Ha ha ??,okay,5,0,2026-09-12 01:54:09,4.647.10002
426fa8e0-22e3-4b31-8eaa-bd4aa4a562a4,Solanki Dig,raider was arogent and charged extra money without any service third class uber app i never used again and again mother .......,1,0,2026-09-12 01:49:16,Unknown
3b0a3321-bd71-4fa4-a6ed-b299bba27de1,shahidul islam,Best service.,5,0,2026-09-12 01:43:17,4.647.10002
25974e9e-15b1-4b9a-9fe1-6a2354413dcd,Stephanie Lanich,every experience I have had with any of the drivers has been excellent.,5,0,2026-09-12 01:38:30,4.646.10004
94a3e4ee-78d3-4d95-84c8-5509ce91c888,Tanya M,"I utilize Uber for rides, occasionally ordering Uber Eats. I also work customer service where I process Uber and Uber Eats drivers all day long. More often than not, they're some of the rudest, most unkempt people to interact with. Unprofessional, disgruntled, dirty vehicle interiors as they transport food orders. Drivers approach me to process while they're smoking cigarettes with people's food orders in the car. It's rare and surprising to receive a professional driver.",1,0,2026-09-12 01:38:24,4.647.10002
d5c57099-5175-422d-a737-85504b76b6d7,Donald Kasten,ok ok,5,0,2026-09-12 01:28:29,4.647.10002
9ff21025-a0bd-4f55-9851-faab66ab0616,Luis Dardón,me están cobrando lo que pague. rateros,1,0,2026-09-12 01:25:15,4.647.10002
fbe9c8a6-36f6-4641-ab4d-e578b3f81616,Muhammad Shahzad,Nice trip with Uber,5,0,2026-09-12 01:25:10,4.646.10004
c56682d2-e8f3-472a-b8ea-0215757dab8d,Virginia Smith,very timely and followed the route I prefer,5,0,2026-09-12 01:23:36,4.646.10004
c74d4c1b-d7bd-46eb-983c-d9e38fd5d098,Jaydeep Parmar,good app,5,0,2026-09-12 01:19:42,4.646.10004
740cf559-d71f-453c-8a23-82f50fca27a3,CHARLES CLOSSON,Ride was nice and driver was very pleasant. Thank you!!,5,0,2026-09-12 01:18:01,4.646.10004
c296cf98-3df4-4307-8d84-f1d33f09e25d,Minenhle Ngwenya,"The best, I've never encountered any inconvenience",5,0,2026-09-12 01:17:26,Unknown
9918b201-16c2-4bb2-94a2-a184898e0a3a,tousendsonnen,"Hey, don't drop the ride then hike the prices. Dropped rides shouldn't be punished.",1,0,2026-09-12 01:15:22,4.647.10002
18418677-3fba-41d1-bdbf-bc1cd1b5b167,Sumer Khan,best experiences uber,5,0,2026-09-12 01:11:22,4.646.10004
6cee38a6-cbfa-47b3-8816-5f96ed72a591,Ross Dillion,"Got charged an extra fee at the end that was invisible during booking. Serious bait and switch. Also a million notifications. I had the app disabled on my phone and now I remember why. The only reason I used it was because another company gave a voucher. I'll make sure to check other ride share apps next time, even if full cost.",1,0,2026-09-12 01:11:02,4.647.10002
f8512589-26ec-4f26-989f-717ea601ca88,Alexandru Alexa,"Affordable rides, play with card Although, is difficult to find a driver that takes 4 people.. So i need to take a taxi... instead",5,0,2026-09-12 01:09:03,4.646.10004
0e1086ca-067b-428a-8bbd-ab39cd1608b0,Michael Laraway,"Not the same Uber it used to be. The app tells you there's a car 8 minutes away, then spends 4 minutes connecting you with a driver, and the pickup time is 24 minutes away. make it make sense.",1,0,2026-09-12 01:08:09,4.636.10000
b7ef1b23-3b9b-4210-af65-9544e237bd0c,Benjakachola Engineering works,like it,5,0,2026-09-12 01:00:56,4.639.10000
8c0309da-eaae-4cd2-bbba-e1f82ca1919a,Paolo Pedroli,life is good,3,0,2026-09-12 01:00:18,4.643.10001
dd1a59ff-2f14-4ab5-bce1-c5d471f076be,Nick Rodgers,app tells me it can't find a ride I tried to reserve hours in advance at exact time ride was supposed to show up. rating would change from 1 stars if it would have told me before pickup time I didn't have a ride instead of just cancelling when it's supposed to show up,1,0,2026-09-12 00:58:53,4.646.10004
ad714d88-7942-41a5-a061-2c2e5369532c,Ramsahay Gupta,Good & reasonable service,5,0,2026-09-12 00:55:35,4.646.10004
3c6bec9b-0b79-4104-8b9a-30dab3bb3329,pasito Ikram,"very good experience till now, I wonder why aren't I know about such a ride in UAE 🇦🇪 before",5,0,2026-09-12 00:53:26,4.647.10002
d47a80ff-4f82-451e-a5dd-e5cc9243829e,NVK Sridhar,nice,5,0,2026-09-12 00:51:09,4.646.10004
cb1c74c8-6c2e-4de1-983a-b54329d51a9e,Joshua Turner,Incredibly distasteful how they change prices to make more money minute by minute. ended up having to pay 40% more due to heavy rain,1,0,2026-09-12 00:43:46,Unknown
e630fd1f-f470-492b-a542-fd33207b054d,Tammy Brenner,our driver was very friendly and gave us a lot of information about the area,5,0,2026-09-12 00:43:11,4.647.10002
80c1e256-b9f8-4afc-97b6-1a60ac24c156,sandeep dalvi,"The regular fare from Ghatkopar to prabhadevi is around ₹300, but today Uber charged ₹604. Additionally, around 8 to 9 drivers cancelled the ride when they were just 2 minutes away and did not answer my calls. One driver was even roaming around and waiting for me to cancel the ride from my side. Uber must take strict action against such drivers and address this issue.",2,0,2026-09-12 00:38:30,4.647.10002
92e8aa18-9b2d-40aa-93ff-f2b35a17d084,Bhupendra Tiwari,good,5,0,2026-09-12 00:37:40,4.646.10004
51c6e4ff-98cd-46e2-a5e1-14f5e5a039d2,Sandeep Sunami,nice,5,0,2026-09-12 00:36:52,4.647.10002
65fcabf2-528a-49b8-aff5-a9cf764c0c4c,Lalie2 Lo,Support is non existent. a week already cannot log in. Loops the whole time log in denied contact support. Who doesn't come back.,1,0,2026-09-12 00:29:51,4.647.10002
ebae86bd-15df-4bfc-ad6a-3d00d00c8a48,Trikal,"worst experience, l booked ride and rider came after 1 hour when I reached my destination by myself.",1,0,2026-09-12 00:17:11,Unknown
3addcf81-b4c8-4732-8c1c-ac9ff95b31fe,Ethan E,predatory practices like surge charging when the bar closes and you are drunk and desperate for a safe ride. they triple prices. non stop spam notifications,1,0,2026-09-12 00:11:05,4.646.10004
93c3e4cb-f2a7-428b-ad44-da059b1d8ae7,Jk D,"has literally changed the world in so many different levels of frontier pioneering as far as public and private transportation coupled with both Human / AI Sim Ops and information capture and analyze, are relevant for model and systems advancements.",5,0,2026-09-12 00:11:03,Unknown
a0002fc3-50a6-45f5-8743-13b753dfa173,Dineo Matee,excellent customer service,5,0,2026-09-12 00:06:25,4.647.10002
ca471e34-f07c-4d31-a397-472c6d26cd0d,Norma Maldonado,"Very puncual, pleasant demeanor, excellent driving skills and extremely polite.",5,0,2026-09-12 00:05:53,4.647.10002
67513250-5807-4eec-9efe-b25066b9f982,Mohamed Salah,good captain,5,0,2026-09-12 00:00:48,4.646.10004
151ac619-407b-4b04-ba1f-bafda2b577f5,Velinda Holder,"I have for the first time used uber which was very user friendly, and the driver ( James ), was very pleasant,courteous and respectful giving me a strong sence of security. I would recommend anyone needing a taxi to try UBER first as it was less expensive than a taxi and very clean!",5,0,2026-09-11 23:59:10,4.644.10000
d1623a12-5fc7-4814-aa66-0b6920169050,daven arthur,"I don't have a lot to say, but it's just the best",5,0,2026-09-11 23:55:20,4.647.10002
f8391ebd-5a46-4afb-b095-7b9a3c837406,Priyansh Miri,"I can't add tip, after the trip is completed",1,0,2026-09-11 23:55:07,4.647.10001
d6bb3747-56f7-4a85-b6ab-f62f5c83cdb8,karen armsby,been brilliant in Krakow very punctual,5,0,2026-09-11 23:46:13,4.647.10002
176253da-456e-4ec7-846e-b802766d145c,Arnam Mondal,Overall the app is good for sure,5,0,2026-09-11 23:45:20,4.646.10004
eb496776-6475-4e69-b59b-2a1c8aee3483,Tabassum Azam,excellent safe driving,5,0,2026-09-11 23:44:08,4.647.10002
faf8d985-51a5-45cd-8250-a9ee3fe37408,PRASANNA KUMAR SHIVU,very good service,5,0,2026-09-11 23:43:13,4.646.10004
b49dd398-c7d5-4059-a17a-5452b78b318f,Sarfaraz Ansari,thank you so much,5,0,2026-09-11 23:36:57,4.645.10000
3fa9e806-7e6e-41cd-9b2e-46b5f61b9276,Steve G.,great friendly driver,5,0,2026-09-11 23:35:18,4.646.10004
767eec70-15d5-4358-bf5e-90692cd1c764,Wheres my money Lawrence,safe always i promise,5,0,2026-09-11 23:33:49,4.647.10002
80a80133-b6d5-4c33-a60c-e77791d06d0d,Pravin Sampat,good,5,0,2026-09-11 23:33:12,4.646.10004
4f29b9f5-63e1-47a2-927e-4dd0b20815d6,Ranen Niblett,Efficient service,5,0,2026-09-11 23:29:46,4.646.10004
db1ea76d-adb8-43b9-9bb4-25dd13247a03,Ankita Ranshur,uber is not good service tbh rush driving accident its just fast,1,0,2026-09-11 23:24:27,4.646.10004
dcb1f63b-245b-4bde-b693-20f1864f94a2,Syed Ahsan,this buker is very best i like him so much.,5,0,2026-09-11 23:24:07,4.646.10004
7ffbc1cc-5b19-4ede-b42d-48bec3c2b524,Sarah Magoon,"Uber drivers never pick me up at the designated point, and I have to search for them on foot while I get extra charges. I also have to call them to ask what 'here' means, and it usually means they are on a side street around the corner. Only one driver, a woman who spoke English fluently, was honest enough to tell me where she would actually pick me up.",1,0,2026-09-11 23:22:19,4.633.10001
353102a3-bb3a-4cf6-a762-017f280e1e80,Arjun Patel,good,4,0,2026-09-11 23:20:32,4.646.10004
2e9cc761-f7c4-4798-90c5-89d8ec663f8b,Piyush Badmash,ok,5,0,2026-09-11 23:17:55,4.647.10001
d38e833d-2fbd-4159-ae80-c606a4f05663,Aamir Fatteh,Driver ko loot ne vala app bharat texi use karo,1,0,2026-09-11 23:14:26,4.637.10003
abfe2a64-7679-4eec-a415-1793d84f44e8,Dwarika Mahant,very good 👍,5,0,2026-09-11 23:11:00,4.647.10002
3e07d1fd-2338-4983-b5e6-2e5838b27ec9,Jimmie White,Love Uber they have better affordable prices than Lyft and better service and timing.,5,0,2026-09-11 23:05:58,4.646.10004
8453145a-07b7-4488-92bf-0a72f475be7e,Suman Kumar,very Good Service 👍 👌,5,0,2026-09-11 23:02:04,4.642.10002
a05803fe-4414-4ec5-aba9-8d1cec96ed89,MD Saddam Hossun,awesome,5,0,2026-09-11 22:56:30,4.647.10002
8c9103b3-562d-4ba2-8aba-2e1f0db936e2,Kodi Prasad,The worst sport is this app and they're not possible to genuine person,1,0,2026-09-11 22:53:49,Unknown
02d42c1f-d9e1-441a-898c-ec5394650e4e,Jameel Harper,get in the car!,5,0,2026-09-11 22:52:02,4.646.10004
3124541c-ef42-4f87-8c12-4d9699e54a74,the ultimate tank,asking 19 cash for lost items is absolute garbage you cant even get your items back without paying the dude again for your own property,1,0,2026-09-11 22:46:22,4.647.10002
e90b61cc-b1bc-4df2-b68a-406009ca7191,Ashish Shewale,All good until you need decent customer support. Don't expect to get any kind of resolution to your concerns. It's insane the complaint escalation has like 5 template responses to choose from so your actual concern might never be resolved.,1,0,2026-09-11 22:46:20,4.646.10004
713a071b-64d3-4096-9a65-2524a92c5246,Naina Singh,very affordable and good rides 😃,5,0,2026-09-11 22:40:46,4.647.10002
0ae6db42-b7b5-422a-8991-ffa1da020681,Desh Tak07,very good behavior and helpfull person,5,0,2026-09-11 22:37:39,4.643.10001
954ceff6-e39e-4886-b60c-4e99d4ce0a0b,Shaurabh Kumar,exilent,5,0,2026-09-11 22:35:32,4.647.10002
dcfb2e4e-3c4d-4923-a8a1-abe749261963,Khazrouni Hanen,"Excellent service, clean car ,great price (usually)...",5,0,2026-09-11 22:35:12,4.646.10004
7a3641b5-2faa-44ec-8eda-b91d4c344f98,Chagi Sai krishna,excent working with uber driver best experience,5,0,2026-09-11 22:34:33,4.646.10004
2571f1a2-6590-48e1-aa75-ea1dc93535cf,akash kesare (akku kesare),excellent 👍👍,5,0,2026-09-11 22:29:19,Unknown
a2c49dad-50a7-4029-8b7c-3917c8b2a377,adi tta,good,4,0,2026-09-11 22:23:14,4.646.10004
fed69a1d-a86b-468a-b23f-71534e21e19b,Ajay Meda,good,5,0,2026-09-11 22:17:47,4.647.10002
be0a86d4-eb1b-42bb-bbed-03c5beaa6974,Ashley Hobbs,lovely chap very friendly,5,0,2026-09-11 22:14:48,4.646.10004
0bdbebc9-bca2-446f-ac9d-654bffa727fb,Arpit Choudhary,very bad uber service,1,0,2026-09-11 22:13:42,4.644.10000
711f9436-43a7-4dbd-97c6-afcd7f8b826a,SHEERAZ SARAFRAZ,super ride,5,0,2026-09-11 22:13:03,4.647.10002
33e0abcc-a216-4e32-b659-2774a26a73ed,Mehram Ali,Good experience to use this,5,0,2026-09-11 22:12:55,Unknown
f9728767-4e70-4b2c-a66f-96cd8c01cbe0,Justme,why do you pair people with drivers who are 15 minutes away when there are closer drivers available?,1,6,2026-09-11 22:12:23,4.634.10003
65c9e07e-2f67-4713-8070-f080d2ea2237,Cheryl King,Great driver polite and courteous thanks for the first rate service,5,0,2026-09-11 22:07:25,4.647.10002
125ba33a-47b2-4212-8c58-5862d99dbfe6,Sandeep Agrahari,third class service unable to find drivers for trips in Mumbai Location anytime of the day and night.,1,0,2026-09-11 22:06:37,4.647.10002
f155bf90-306c-40e2-beb9-ede8228d7036,Omkar Bhusare,drivers are asking more money than showing on app and they are telling that auto (rikshaw) will be on meter not on app conditions. fix this as soon as possible . it's in pune,1,0,2026-09-11 22:04:05,4.646.10004
2f07a978-95a1-4047-95ac-5da9ab9bb6da,Rosa Rosa,This aap is not good at all. Today I booked an uber ride then the person who came was saying that I will take 100 rupees infact the uber was showing 50 rupees he denied to pickup us and cancelled the ride . Overall my experience was not good I wasn't satisfied at all with this aap,1,0,2026-09-11 22:01:03,4.639.10000
0b7f8360-3f0c-4c96-9169-64462d41e95f,DIPAK PATEL,nice app work is nice 👍👍,5,0,2026-09-11 21:53:47,4.647.10002
34a77c1a-4cd1-42b3-b96b-8e177c427e3c,Sumit,good,5,0,2026-09-11 21:51:33,4.646.10004
da90e2b6-88b7-4f18-ae2f-274b760baadd,Srinivasan Balasubramaniam,pathetic app.lot of improvement to be done. pls improve app as location selection from favorite saved location. if I select saved location point should be in map. and destination selection option should be given from saved location.,1,0,2026-09-11 21:51:02,4.646.10004
f3e32702-61f4-4214-bfd4-95a4ad558f4e,Shyam Bodra,good,5,0,2026-09-11 21:50:02,4.647.10002
b790a7e4-29d2-43c1-831f-8394c5185fd7,Cameron Cushing,"Uber is now a complete scam. Do not Use. drivers will purposely drop off guests at wrong addresses and demand the user to book another ride to get to the proper location. many mapping issues are wrong and they refuse to fix the problems. they have disconnected any help for guests to file complaints or speak to any representative that's not AI. use a Cab company, or a better company like Lyft. Still just as bad months later. still scamming people. I wish I could give them 0 stars",1,0,2026-09-11 21:47:58,4.646.10004
a64ad66b-1160-4497-be71-5b70eb747c70,Jason Yeomans,The Uber application works great! I have never had an issue booking trips. The app is simple and easy to use.,5,1,2026-09-11 21:44:50,4.647.10002
60f0d361-4173-45a9-9d45-7f18b2f2c3ca,Dharmateja Nayak,goos service,5,0,2026-09-11 21:43:23,Unknown
2b303aa7-0902-49d3-999f-b6ca2aff6c65,A Haridass ARMY Retd,nice worth of money,5,0,2026-09-11 21:43:12,4.647.10002
2ea9d965-f020-4d66-b181-a2a5fd35f3c0,Hailey Schoenhardt,"I used to use Uber for rides and the gap between what they pay drivers and what you pay for a driver is ridiculous. Drivers do all the work and get the short end of the stick. A shameful practice really. And the fact that my complaints mean nothing to employers?! I do not feel safe ride sharing with Uber. And you shouldn't either, especially if you're doing the right thing after a night out, and calling a ride. Maybe try RideShare instead.",1,0,2026-09-11 21:42:07,Unknown
30446352-b7e8-491b-8d7d-a4d04f8aa0d6,Patrick Mutinda,excellent,5,0,2026-09-11 21:38:28,4.646.10004
c734c1d5-0cd3-47c6-962b-056f5645ca5a,RATHOD GAMING,nice,5,0,2026-09-11 21:37:34,4.647.10001
b1abbcba-bc97-49e9-b15f-d5021e61c4e3,Rohan Polai,1st delivery,5,0,2026-09-11 21:36:16,4.647.10002
a45ba0de-b55d-417d-9f65-b42fe9a71e60,Julia Johnston,a beautifully clean car and nice careful driving.,5,0,2026-09-11 21:34:17,4.646.10004
32290bc6-1b65-4789-806f-40d4f4b7edc9,sahil vivek,"NICE APP, FASTER AND CHEAPER RIDES , POLITE RIDERS ALL IN ONE",5,0,2026-09-11 21:28:51,4.647.10002
0a96dc6a-0bbc-4b27-aa09-13eea0cf1142,Jordan Clark,Uber on average takes more than 50% of the money that their drivers make. It's disgusting when US infrastructure is so car focused and this dumb app is the only way some people can get around.,1,0,2026-09-11 21:26:49,4.571.10003
965407f3-6177-48fe-b8ed-f435c92f24b3,Sanju Chakraborty,thank you,5,0,2026-09-11 21:24:28,Unknown
0d10e239-c8e5-4d23-a96f-bb1bf34e9d44,Fidha Iq,very useful,5,0,2026-09-11 21:24:21,4.646.10004
34bd3b77-903c-48a9-bab3-00fb4d6587e5,Shailani Shaikh,uber intercity buses offers so cool and 2 minutes booking,5,0,2026-09-11 21:18:42,4.647.10002
14a491a2-3d47-4d33-b6c7-b89ddda760e3,Chinmay Sakhare,very good,5,0,2026-09-11 21:18:30,4.647.10002
62f8466c-e47d-4e15-b2df-93c755777833,krishna adepu,very nice driving bro nice,5,0,2026-09-11 21:14:35,4.647.10002
73ecb1b9-8602-4943-8f3b-63e858e21fe7,Jyoti Mishra,the best experience,5,0,2026-09-11 21:07:29,4.646.10004
961d476a-e016-4c36-9fcc-d4772f8f6a1e,Bhanu Pratap Singh,best,5,0,2026-09-11 21:06:43,4.647.10002
d8302dc9-1afe-4293-9bd4-1f6eb40d9c9e,Fungile Mabaso,Nice Ride,5,0,2026-09-11 21:04:52,4.647.10002
c716f43f-8ec0-48bf-8a3e-f457c07c783d,Umang Pathak Umang Pathak,By mistake or due to technical issues if the payment done twice then uber doesn't take any responsibility because as per uber that amount paid directly to driver so they are responsible for that and even after selecting upi option drive ask to pay to them instead of uber app and when you reach out to uber support they denied for refund they just mention we have taken the feedback,1,0,2026-09-11 21:01:34,4.647.10002
2481722d-da73-445c-a1a7-54aafbb4ee37,Mawiteii Chawngthu,"Dear Customer, Please use Bharat Taxi for PAN India Drivers welfare. Please Boycott Uber, Rapido & OLA. These Companies had not increase the drivers fares since last 10 Years, infact they decrease fare day by day. Recently there was BAN by Chandigarh Government, we are waiting for BAN PAN India. We are available to Serve you on Bharat Taxi APP which is purely an Made in India APP. Jay Hind 🇮🇳",1,0,2026-09-11 20:58:57,Unknown
0a6dca59-b88c-4945-9f94-128e5a3a73ae,Yusuf Ali,better service,4,0,2026-09-11 20:58:11,4.647.10002
226824f7-6ae5-494b-a7c9-8fb92116e140,kamal p,Nice journey and safe too,4,0,2026-09-11 20:57:41,4.645.10002
275e07e8-002d-4fa8-bbfc-d0132f017779,Mandy Nichol,Rana is so lovely!! excellent service and great chat! thankyou so much Rana💯,5,0,2026-09-11 20:56:17,4.646.10004
a5d8c4dd-439b-4cc2-beac-ba99053af0d0,Ꮆ卄ㄖ丂ㄒ GAMING,jejw,5,0,2026-09-11 20:54:41,4.647.10002
7c2cb152-aa4c-4a28-a7af-c87f2907d7bc,Colin Bulger,Always on time...great service...love the way that you can use Uber when abroad...,5,0,2026-09-11 20:54:04,4.647.10002
d826537a-125b-4769-936f-a2487579258e,Laxman Patel,very nice 👍,5,0,2026-09-11 20:53:29,4.647.10002
88205f56-d248-438d-ac00-d562cde7c522,Raavi Chatresh,good 👍,5,0,2026-09-11 20:52:33,4.647.10002
ab9d71fc-7693-4f97-ba05-9af7259663a1,Bumble_Bee,literally I hate Uber. love the good drivers but they don't screen alot of drivers before and you can unintentionally get stuck with someone dangerous. Uber eats also sucks with the way you can't even properly give them a call if something is wrong. its hard getting a refund so honestly don't waste your money use lift.,1,0,2026-09-11 20:52:11,4.647.10002
310616b8-1e15-471c-9410-f16a46bbebed,Mandeep Kumar,good,5,0,2026-09-11 20:49:31,4.647.10002
5bdcc8da-c53f-4f36-b1b8-7f7f91140714,Jatin Pandey,best,5,0,2026-09-11 20:44:08,4.647.10002
d123e6eb-a456-4983-9de3-888074d6d1c7,Neha Parmar,👍,5,0,2026-09-11 20:36:22,4.647.10002
95692dcf-8114-40dd-9b34-31fbb8fd5b9d,Day Tate,"Really useful app. But don't solely rely on their accuracy and fare suggestions. You just have to do your research. Example if you're in Turkey. It's the best app to use aprt from another one, but you're still gonna get burned when these Uber drivers don't drop you off at your destination and still charge you the full ride amount. And I can't see anywhere on the app to complain.",4,1,2026-09-11 20:30:49,4.647.10002
4b72425e-d55e-4167-9524-769ec4c34382,Allan V,"I've usually had good experience with Uber in the past, but yesterday I got a message saying welcome to Uber one and I never asked to be upgraded. Now I have to figure out how to cancel this and I have to remove my payment information before I am charged for un necessary upgrades that I never asked for. I will use Lyft from now on, you guys are shady and deceptive. You've lost my trust and loyalty.",1,0,2026-09-11 20:28:30,4.646.10004
61aa9fff-1a61-403e-a83f-429ccb36cf24,Sinchu,hardly gets any ride accepted in cities like Bangalore and Mysore especially in evening and night time.,1,0,2026-09-11 20:27:27,Unknown
898adbf9-6e3f-42df-a8c6-e091d57a9caf,Pranjal Dhurwey,good,5,0,2026-09-11 20:25:53,4.647.10002
223b80c2-54b4-43ca-940a-cb4f6242fbf7,Santosh Kale,good service 🐕‍🦺,5,0,2026-09-11 20:24:21,4.647.10001
8882bda1-63a7-4f5e-98f3-f5b989c964c7,Dagdu Shinde,"This was a terrible experience. It took almost 30 minutes just to get a ride for a 1 km distance. If a short trip takes that long, it completely defeats the purpose of booking an Uber Moto. My suggestion is that if a pickup is going to take this long, the app should explicitly warn users about the extended wait time before they book.",1,0,2026-09-11 20:20:07,4.646.10004
788e8d25-c06b-4a79-87df-998731fad0be,Gurija Prashanth,super Service,5,0,2026-09-11 20:18:43,4.647.10002
c3f2d41b-e92e-4e37-9ee6-82cf3e78917f,Andy Barrett,Quick and professional,5,0,2026-09-11 20:16:58,4.646.10004
f1ada039-abbf-4175-bf0a-25bd799f45a1,Islam Mohammad,good 👍,5,0,2026-09-11 20:16:35,4.647.10002
63ca7c53-b7da-4c55-a72c-d314a7ee4624,Raul M,no cars around unless you can kick us down a couple more bucks...,1,0,2026-09-11 20:16:09,4.646.10004
80a74bf2-34e7-4a61-9ed6-49b5a450d623,John Elliott,good service,5,0,2026-09-11 20:13:29,4.646.10004
461320b9-bbe7-43ae-9ac6-834c467f0ae5,Sacenda Cyril,"20min d'attente, à chaque fois on me trouve un chauffeur j'attends qu'il arrive et à chaque fois il annule la course... Merci Uber... 4 ans plus tard ça s'améliore pas : les chauffeurs qui repartent dans l'autre sens sans annuler la course. J'ai raté mon train. quel service moisi !",1,0,2026-09-11 20:10:16,4.646.10004
f3aa4e4c-016a-40c9-99cb-32951402da8e,Jim Worth,difficult at first for a pensioner but love it with practice,5,0,2026-09-11 20:08:33,4.646.10004
8e94e7e6-387d-4c15-b519-598ac5f25f59,Manik Khan,good,4,1,2026-09-11 20:08:28,4.647.10002
ac7a6e68-3efd-4e94-a486-57472673f657,Dinesh Ghosh,Nicd,4,0,2026-09-11 20:08:09,4.646.10004
75314558-7cee-48e8-aea5-bfbaa8681eef,Revandir Altasta,Dogshite service. Can't even find a driver where I live. This wasn't like that even as little 1 year ago. prices are also ridiculous.,1,0,2026-09-11 20:07:48,4.647.10002
9a05d7ce-ef27-4437-8ca3-0139918dd702,Varun Malviya,"I've never seen any worse app than this.It it has so many technical glitches that you will never gonna understand whether it is true or not.I have just booked a ride for some ten to twenty rupees for a minimum distance and when I reach there, the driver took 5 times extra because on his side, it was showing the different price, and when I reached Uber customer support, they did nothing. And even after that, they charge me ₹5 extra for the cancellation fee for another ride.",1,0,2026-09-11 20:05:42,4.646.10004
3f160297-f4ee-4511-b618-5fedc94fdd63,Mohammad Saif,"My first Uber ride was extremely disappointing. The driver had no helmet and kept talking throughout the entire ride while driving. He drove unusually slowly, making the journey unnecessarily long. I was also charged around 16 times more than the expected fare, which is completely unacceptable. To make matters worse, the vehicle and registration number were different from what was shown in the app. Uber seriously needs to improve driver safety, ride verification, and fare transparency.",1,0,2026-09-11 20:03:26,4.647.10002
523d1166-42c9-4e2c-8344-2951ce7a85a1,Md Yousuf,good service,5,0,2026-09-11 19:57:32,Unknown
b5049b5c-ff9b-4e02-92a7-ca9ed3931604,VARIN GAGAN,worst app jab jaroorat hoti he ek trip accept ni hota sirf wait karvate he bekar app he,1,0,2026-09-11 19:57:02,4.646.10004
7142ef9e-5c9f-401c-aaa4-42aea8346c87,rakesh prajapat,good 😊,5,0,2026-09-11 19:54:13,4.646.10004
a088d91c-d69e-45fc-a0e6-f4e227147ff6,Tuhin Chowdhury,❤️❤️❤️👌👌👌🌹🌹🌹,5,0,2026-09-11 19:52:54,4.647.10002
32224a0c-5b1e-4835-964a-cfd7a27c56ea,Gopika Regency,Good Service,5,0,2026-09-11 19:49:06,4.644.10000
6a698461-defa-4568-b29c-272bb400fd27,Dinesh Kumavat,nice,5,0,2026-09-11 19:39:21,4.634.10003
2c301252-1031-49f1-b89e-26675d41aece,Akhilesh Kumar,very bad,1,0,2026-09-11 19:38:26,4.647.10002
74773862-7db5-43df-ae7b-a5cfa53d9f9e,Anish,best,5,0,2026-09-11 19:33:28,Unknown
31b3e104-90d6-4176-9f2b-7fe6ccbe4b86,Ajay Kankodiya,ok,5,0,2026-09-11 19:30:12,4.645.10000
ca1fc724-7d38-4e0f-95a3-c268282dab47,roopa roy,good,5,0,2026-09-11 19:27:17,4.647.10002
37df3858-ae0f-49cf-8bbc-d716742050b5,Divya Sahu,not login,1,0,2026-09-11 19:26:48,4.647.10002
00ed5d1d-f0bb-4c43-8222-fdf27e3a2a0a,pratik madekar,Too much expensive,2,0,2026-09-11 19:24:11,4.646.10004
501ceea5-8ad9-409c-90df-0266a16df03e,Fatima ezzahra Morji,greedy and unreliable service. prices are going up constantly while the service quality is going downer than down !! the wait time is 10 times what it used to be.. you would think with the rip off prices they would hire more drivers to reduce the wait time but sadly not 🙂‍↔️🙂‍↔️,1,0,2026-09-11 19:22:45,Unknown
08ebcd3f-bba7-4ab3-aba0-1746e7b4a384,Vismaya Asha Venkatesh,"Services are all good, but why do those auto drivers behave like we owe them our properties?? who gave them rights to be so rude to their passengers? They will barely 100 mts away from the exact location we have put, and if we ask them to come a little front or back they actually like were calling them from silk board to Whitefield. As a 21 year old living alone in banglore, I use lot their services, I'm always worried whenever the driver calls whilst in the location. Look into it kindly.",2,0,2026-09-11 19:22:25,4.646.10004
95e24d24-0e1a-4fa3-831e-25a375b981eb,Manoj Gupta,very good 👍,3,0,2026-09-11 19:12:43,4.647.10002
ba24170a-936b-4354-ab97-b11b2c402d59,alex jagadeesh,good,5,0,2026-09-11 19:07:11,4.647.10002
c394d659-da85-495c-be17-62b2e32a499a,kamlesh jain,"uber is better than other apps other apps loot dosent know (rto rules ) everyone google before booking from other apps Name of service differentiate true hospitality from standard cab services, industry terminology helps frame the distinction",5,0,2026-09-11 19:06:28,4.647.10002
055c42aa-6a15-499a-931f-44074b358ccb,sneha Varghese,useful 👍🏻,5,0,2026-09-11 18:54:42,4.646.10004
501243bf-0a2b-4ff8-87c6-c52d15db6b29,Riley Villon,good stuff,5,0,2026-09-11 18:54:19,4.647.10002
291fe23e-717a-4cdd-ace9-d6c7a159d5c1,Mahak Srivastava,awsome,5,0,2026-09-11 18:50:58,4.646.10004
87aa8bb0-4105-4f0c-bbc2-02ca7736a110,Atal Asom,very accurate and responsive to the needs of the customers.,5,0,2026-09-11 18:50:42,4.646.10004
20666e9f-09a4-48e6-8de0-1d3034e3df30,timmy banh,very good driver....nice guy,5,0,2026-09-11 18:49:42,4.646.10004
ac0811ec-f0ef-484b-b165-ebe0e328f85f,Selvaraj,good 👍,5,0,2026-09-11 18:48:01,4.646.10004
d4fd9877-c80c-4906-8a53-8f003ff5a54c,ravi kumar,very good service,5,0,2026-09-11 18:47:24,4.646.10004
61f59f57-362f-4099-9cd8-140ba211cec2,Adventure Studios,it wouldnt let me add my debit card no matter what I did. I know I entered everything correctly and it still refused to add it so I could get a ride to work. Please fix this quickly. Or Im never using this again after that.,1,0,2026-09-11 18:45:33,Unknown
87bd9e0f-2f03-476a-8df4-23b86ae83780,Baiano Simelane,"MUST ONLY TAKE CARD PAYMENTS ONLY. Due to large number of cases in South Africa, where women request and select CASH, and only to uncover they dont have cash on arrival at the destination, I request this app restricted to CARD Payments only. Alternatively make an option in the Driver App to choose payment options they want to accept. The cash one is a problem in South Africa because women request rides and refuse to pay on arrival - lots of countless cases like this.",3,0,2026-09-11 18:45:15,4.646.10004
0a299505-df83-41dd-bff1-db7b9bc9eb70,vanessa irizarry,waste of time..... I downloaded this app did all the verifications and it still won't let me schedule a ride. the help section is trash.,1,0,2026-09-11 18:42:55,4.647.10002
843c3e27-a7fb-42ad-a433-80a9fa7936e9,Mashianoke Dorah,excellent,5,0,2026-09-11 18:36:28,4.647.10002
490d360b-0fa9-4384-863d-39106b693b8b,Praveen Kumar,good service,5,0,2026-09-11 18:35:56,4.647.10002
b34c5af6-729d-492c-8e82-964bb6075715,Kiran,very bakwas aap,1,0,2026-09-11 18:35:09,4.643.10001
528975c6-be17-4160-b8c7-cebddc89ef8e,rashmi tripathi,"none of the customers it caters earns extra at office for a rainy day or a crisis on road but these commute services raise fare ingenuinely almost like a blackmail. u have no way out so they can charge insanely, which even we don't earn sitting with our necks hanging onto laptops, eyes sipping in the blue rays of laptop and at the end of the day give away all u earned for the day to the auto walah or cab walah!",1,0,2026-09-11 18:27:58,4.646.10004
c5c844bf-9c83-4de7-9d63-5a17e9d5cbe0,Mr Pradip Patel,very nice very convenient for common people to use,5,0,2026-09-11 18:25:53,Unknown
271ccf69-0683-49ff-9444-339241036993,Shivraj Singh,good riding,5,0,2026-09-11 18:25:52,4.647.10002
9daa8629-84c4-4784-836c-8ea6ac1776ec,Walter Lasky,"so easy, awesome drivers",5,0,2026-09-11 18:21:35,4.646.10004
ed48a5fb-90f0-4ac3-9dab-b4ba4100a398,Riduan Sibly,ok,5,0,2026-09-11 18:19:55,4.646.10004
ec45284c-9f72-47ca-9a67-0d65b10b30e9,BHAVIT SANGHVI,nice,5,0,2026-09-11 18:11:56,4.646.10004
ef16914a-edbf-4a0c-916e-4633ce5c3ab7,Susheel Pal,Mera Account deactivate ho gaya hai Uber apps Koi download na Karen match mein write karo,5,0,2026-09-11 18:06:27,4.645.10002
